{"cameraMode":{"drawMode":0,"name":"Shaded","section":"Shading Mode"},"sceneLighting":true,"audioPlay":false,"sceneViewState":{"showFog":true,"showMaterialUpdate":false,"showSkybox":true,"showFlares":true,"showImageEffects":true,"showParticleSystems":true},"in2DMode":false,"pivot":{"x":-0.218065083026886,"y":-0.2981546223163605,"z":-5.5586347579956059},"rotation":{"x":-0.106657974421978,"y":0.14598354697227479,"z":-0.015839282423257829,"w":-0.9834139943122864},"size":2.8112306594848635,"orthographic":false}