{"cameraMode":{"drawMode":0,"name":"Shaded","section":"Shading Mode"},"sceneLighting":true,"audioPlay":false,"sceneViewState":{"showFog":true,"showMaterialUpdate":false,"showSkybox":true,"showFlares":true,"showImageEffects":true,"showParticleSystems":true},"in2DMode":false,"pivot":{"x":-1.0515778064727784,"y":0.8573744297027588,"z":-6.804477691650391},"rotation":{"x":-0.011867457069456578,"y":-0.988146185874939,"z":-0.10560080409049988,"w":0.1109694242477417},"size":4.077382564544678,"orthographic":false}