{"cameraMode":{"drawMode":0,"name":"Shaded","section":"Shading Mode"},"sceneLighting":true,"audioPlay":false,"sceneViewState":{"showFog":true,"showMaterialUpdate":false,"showSkybox":true,"showFlares":true,"showImageEffects":true,"showParticleSystems":true},"in2DMode":false,"pivot":{"x":-0.5368096232414246,"y":0.15492361783981324,"z":-0.015282392501831055},"rotation":{"x":-0.004451937507838011,"y":-0.9946460127830505,"z":0.09130050241947174,"w":-0.04844418168067932},"size":3.7578835487365724,"orthographic":false}