{"cameraMode":{"drawMode":0,"name":"Shaded","section":"Shading Mode"},"sceneLighting":true,"audioPlay":false,"sceneViewState":{"showFog":true,"showMaterialUpdate":false,"showSkybox":true,"showFlares":true,"showImageEffects":true,"showParticleSystems":true},"in2DMode":false,"pivot":{"x":-1.4118220806121827,"y":-0.6835379600524902,"z":-7.259047031402588},"rotation":{"x":-0.25764328241348269,"y":0.454691082239151,"z":-0.13928350806236268,"w":-0.841152548789978},"size":8.800537109375,"orthographic":false}